City_ID,City,Lat,Lng,Max Temp,Humidity,Cloudiness,Wind Speed,Country,Date
0,adamstown,-25.066,-130.1015,20.78,78,99,10.64,PN,1730321692
1,douentza,14.9951,-2.9517,29.06,17,83,1.38,ML,1730321693
2,yerofey pavlovich,53.9667,121.9667,-4.05,96,100,1.14,RU,1730321694
3,kihei,20.785,-156.4656,27.81,79,40,9.77,US,1730321695
4,gizo,-8.103,156.8419,27.79,76,57,0.83,SB,1730321696
5,ovalle,-30.5983,-71.2003,24.96,36,52,3.27,CL,1730321422
6,lihue,21.9789,-159.3672,26.77,75,100,10.29,US,1730321470
7,port-aux-francais,-49.35,70.2167,4.23,89,100,12.85,TF,1730321699
8,olonkinbyen,70.9221,-8.7187,-5.85,48,100,6.58,SJ,1730321700
9,grytviken,-54.2811,-36.5092,0.9,84,66,2.65,GS,1730321701
10,invercargill,-46.4,168.35,12.23,94,100,1.79,NZ,1730321703
11,paramonga,-10.6667,-77.8333,19.6,74,35,4.57,PE,1730321704
12,kourou,5.1552,-52.6478,27.57,76,38,3.4,GF,1730321705
13,lucapa,-8.4192,20.7447,18.72,97,100,1.17,AO,1730321706
14,muhlhausen,51.2167,10.45,12.26,88,100,1.5,DE,1730321707
15,isafjordur,66.0755,-23.124,-0.01,98,98,1.84,IS,1730321708
16,ushuaia,-54.8,-68.3,10.81,43,0,14.4,AR,1730321709
17,kudymkar,59.0173,54.656,1.73,96,100,5.08,RU,1730321710
18,la ronge,55.1001,-105.2842,1.14,69,100,3.6,CA,1730321712
19,bredasdorp,-34.5322,20.0403,14.83,84,0,2.17,ZA,1730321713
20,lazaro cardenas,17.9583,-102.2,29.51,70,2,3.57,MX,1730321638
21,margaret river,-33.95,115.0667,11.51,96,24,3.78,AU,1730321716
22,gebeit,21.0667,36.3167,25.43,66,0,2.35,SD,1730321717
23,waitangi,-43.9535,-176.5597,13.23,77,20,1.79,NZ,1730321718
24,utrik,11.2278,169.8474,28.11,79,62,6.38,MH,1730321719
25,vilyuchinsk,52.9306,158.4028,1.15,67,9,10.92,RU,1730321721
26,dubbo,-32.25,148.6167,14.07,67,80,1.54,AU,1730321722
27,port blair,11.6667,92.75,26.41,83,12,1.67,IN,1730321723
28,edinburgh of the seven seas,-37.0676,-12.3116,13.66,76,8,6.96,SH,1730321724
29,albany,42.6001,-73.9662,22.54,63,100,0.89,US,1730321725
30,bamboo flat,11.7,92.7167,25.85,84,12,1.49,IN,1730321727
31,saynshand,44.8824,110.1163,4.95,65,0,7.52,MN,1730321728
32,santiago de cao,-7.9589,-79.2392,19.07,77,75,4.63,PE,1730321729
33,blackmans bay,-43.0167,147.3167,9.85,93,100,0.45,AU,1730321730
34,mariehamn,60.0973,19.9348,4.92,75,0,3.09,AX,1730321731
35,grootfontein,-19.5667,18.1167,17.76,22,0,1.03,NA,1730321732
36,pisco,-13.7,-76.2167,20.03,77,0,4.12,PE,1730321733
37,atafu village,-8.5421,-172.5159,28.15,71,29,5.62,TK,1730321734
38,lompoc,34.6391,-120.4579,21.19,53,0,5.14,US,1730321735
39,papatowai,-46.5619,169.4708,9.7,94,100,5.86,NZ,1730321736
40,jamestown,42.097,-79.2353,22.8,49,0,7.72,US,1730321657
41,longyearbyen,78.2186,15.6401,-5.09,58,75,5.14,SJ,1730321739
42,katsuura,35.1333,140.3,16.23,69,100,6.27,JP,1730321740
43,hermanus,-34.4187,19.2345,14.89,77,0,3.97,ZA,1730321741
44,fontanelas,38.8472,-9.4372,16.76,76,96,3.64,PT,1730321742
45,serhetabat,35.2799,62.3438,10.16,42,76,1.42,TM,1730321743
46,amahai,-3.3333,128.9167,26.06,83,17,1.7,ID,1730321744
47,iskateley,67.6803,53.1512,-0.04,78,100,7.85,RU,1730321745
48,puerto ayora,-0.7393,-90.3518,22.53,88,21,3.13,EC,1730321746
49,tadine,-21.55,167.8833,23.45,56,4,4.59,NC,1730321747
50,port alfred,-33.5906,26.891,13.99,94,65,0.89,ZA,1730321748
51,east london,-33.0153,27.9116,16.51,73,34,4.53,ZA,1730321749
52,hawaiian paradise park,19.5933,-154.9731,26.05,82,89,0.89,US,1730321751
53,cole harbour,44.6724,-63.4751,9.71,65,75,6.69,CA,1730321753
54,gadzhiyevo,69.2551,33.3362,1.0,92,100,5.1,RU,1730321754
55,wailua homesteads,22.0669,-159.378,26.44,81,100,10.29,US,1730321755
56,yellowknife,62.456,-114.3525,-8.71,79,75,1.54,CA,1730321756
57,vega de alatorre,20.0333,-96.6333,27.54,76,20,3.66,MX,1730321757
58,yurimaguas,-5.9,-76.0833,33.09,58,20,1.54,PE,1730321758
59,west island,-12.1568,96.8225,25.99,83,75,3.6,CC,1730321759
60,porto novo,6.4965,2.6036,26.9,81,95,3.0,BJ,1730321760
61,polyarnyy,69.1989,33.4478,0.8,96,100,5.5,RU,1730321761
62,tabou,4.423,-7.3528,25.18,89,82,2.29,CI,1730321762
63,puerto baquerizo moreno,-0.9,-89.6,22.55,83,100,6.17,EC,1730321763
64,iqaluit,63.7506,-68.5145,-1.15,86,100,9.26,CA,1730321765
65,gazli,40.1333,63.45,9.87,54,7,1.87,UZ,1730321766
66,carnarvon,-24.8667,113.6333,22.49,70,0,5.07,AU,1730321767
67,red hill,33.9996,-79.2581,26.05,65,4,4.37,US,1730321768
68,tutong,4.8,114.65,24.95,92,100,1.58,BN,1730321769
69,suances,43.4334,-4.0434,17.77,97,20,2.57,ES,1730321770
70,lebu,-37.6167,-73.65,14.46,78,62,3.1,CL,1730321771
71,praia da vitoria,38.7333,-27.0667,19.14,94,40,4.32,PT,1730321772
72,udachny,66.4167,112.4,-23.49,100,97,1.41,RU,1730321773
73,maraba,-5.3686,-49.1178,32.1,55,20,2.06,BR,1730321774
74,warmbad,-28.45,18.7333,24.13,21,0,4.64,NA,1730321775
75,motygino,58.1831,94.7592,-0.16,91,100,3.09,RU,1730321776
76,touros,-5.1989,-35.4608,25.29,73,81,5.5,BR,1730321778
77,avarua,-21.2078,-159.775,26.03,65,99,7.2,CK,1730321705
78,klyuchi,52.2667,79.1667,0.27,73,24,3.62,RU,1730321780
79,benin city,6.335,5.6275,23.93,96,58,1.33,NG,1730321706
80,saldanha,-33.0117,17.9442,16.03,83,3,6.9,ZA,1730321782
81,mount pearl,47.5166,-52.7813,3.41,80,75,3.6,CA,1730321784
82,n'zeto,-7.2312,12.8666,24.91,79,34,3.48,AO,1730321785
83,colonel hill,22.7667,-74.2167,27.14,74,13,12.76,BS,1730321786
84,conduaga,8.862,117.4893,25.81,90,24,2.23,PH,1730321788
85,port mathurin,-19.6833,63.4167,23.04,70,76,7.58,MU,1730321713
86,vallenar,-28.5708,-70.7581,26.86,34,0,2.64,CL,1730321792
87,hamilton,39.1834,-84.5333,26.25,54,20,5.66,US,1730321717
88,puerto natales,-51.7236,-72.4875,16.25,55,40,8.75,CL,1730321794
89,anadyr,64.75,177.4833,-1.72,74,75,14.0,RU,1730321795
90,tiksi,71.6872,128.8694,-24.08,100,84,1.63,RU,1730321796
91,woolgoolga,-30.1106,153.2007,21.93,90,24,4.7,AU,1730321798
92,qaqortoq,60.7167,-46.0333,-10.36,65,0,3.53,GL,1730321799
93,kostomuksha,64.571,30.5767,-0.69,88,100,6.8,RU,1730321800
94,kasongo-lunda,-6.4667,16.8167,22.58,89,98,0.24,CD,1730321801
95,pudozh,61.8099,36.5345,2.33,81,86,3.85,RU,1730321802
96,dudinka,69.4058,86.1778,-11.84,96,100,3.91,RU,1730321803
97,nova vicosa,-17.8919,-39.3719,22.04,91,100,1.49,BR,1730321534
98,penon blanco,24.7897,-104.0369,25.44,24,4,3.72,MX,1730321805
99,leua,48.2156,18.6071,11.84,86,52,1.9,SK,1730321806
100,stuarts draft,38.0301,-79.0336,25.01,45,0,3.09,US,1730321754
101,lakatoro,-16.0999,167.4164,26.01,77,95,5.35,VU,1730321808
102,shakawe,-18.3667,21.85,21.45,17,4,2.63,BW,1730321809
103,mount gambier,-37.8333,140.7667,12.37,83,25,2.63,AU,1730321810
104,kodiak,57.79,-152.4072,3.73,56,0,3.09,US,1730321812
105,khandyga,62.6667,135.6,-18.96,99,100,0.4,RU,1730321813
106,tura,25.5198,90.2201,22.94,78,100,1.16,IN,1730321814
107,okha,53.5739,142.9478,-1.71,79,99,4.17,RU,1730321815
108,sitia,35.2,26.0986,19.8,70,53,10.73,GR,1730321816
109,dryden,49.7833,-92.7503,7.16,49,20,3.6,CA,1730321818
110,karratha,-20.7377,116.8463,28.21,37,3,4.22,AU,1730321819
111,kapa'a,22.0752,-159.319,27.18,80,100,10.29,US,1730321820
112,san luis de la loma,17.2706,-100.8939,29.59,72,84,2.79,MX,1730321821
113,georgetown,5.4112,100.3354,26.96,84,20,1.54,MY,1730321717
114,stanley,54.868,-1.6985,11.4,91,75,3.09,GB,1730321823
115,st. john's,47.5649,-52.7093,3.87,76,75,3.6,CA,1730321825
116,franceville,-1.6333,13.5836,22.59,96,100,0.98,GA,1730321826
117,twin falls,42.3505,-114.6445,8.29,27,0,3.6,US,1730321827
118,cururupu,-1.8283,-44.8683,25.61,78,78,1.54,BR,1730321828
119,akrehamn,59.2667,5.1833,11.14,71,100,6.69,NO,1730321829
120,nema,57.5067,50.5011,3.35,89,100,5.78,RU,1730321830
121,nishifukuma,33.7667,130.4667,18.49,71,100,4.35,JP,1730321832
122,santa terezinha,-29.9002,-50.0904,20.93,88,47,8.63,BR,1730321833
123,mozarlandia,-14.7447,-50.5706,26.21,79,65,0.91,BR,1730321834
124,tralee,52.2704,-9.7026,12.89,92,98,1.22,IE,1730321835
125,ilulissat,69.2167,-51.1,-13.57,62,99,4.76,GL,1730321837
126,alice springs,-23.7,133.8833,17.75,32,49,2.57,AU,1730321838
127,machico,32.7,-16.7667,20.4,76,20,4.12,PT,1730321840
128,mount isa,-20.7333,139.5,23.87,64,67,3.09,AU,1730321841
129,san,13.3034,-4.8956,29.55,29,95,1.48,ML,1730321843
130,wynne,35.2245,-90.7868,26.89,40,0,7.68,US,1730321844
131,quellon,-43.1167,-73.6167,14.49,68,19,4.68,CL,1730321845
132,urengoy,65.9667,78.3667,-3.03,95,100,4.56,RU,1730321846
133,vernon,50.2581,-119.2691,9.4,57,100,2.57,CA,1730321848
134,kapuskasing,49.4169,-82.4331,7.0,93,100,6.17,CA,1730321849
135,talnakh,69.4865,88.3972,-14.06,92,100,2.95,RU,1730321850
136,bethel,41.3712,-73.414,24.05,60,0,3.6,US,1730321851
137,haiku-pauwela,20.9219,-156.3051,26.81,81,40,15.2,US,1730321852
138,kandyagash,49.4744,57.4233,2.5,99,100,4.37,KZ,1730321854
139,jolo,6.05,121.0167,25.26,88,87,0.47,PH,1730321855
140,bilibino,68.0546,166.4372,-15.03,90,100,2.49,RU,1730321856
141,san patricio,28.017,-97.5169,29.97,56,72,7.68,US,1730321857
142,itaituba,-4.2761,-55.9836,28.09,78,75,3.09,BR,1730321858
143,agadez,19.75,10.25,23.51,17,41,4.07,NE,1730321859
144,college,64.8569,-147.8028,-10.06,81,20,1.54,US,1730321860
145,ulladulla,-35.35,150.4667,16.98,80,86,2.17,AU,1730321861
146,la'ie,21.6477,-157.9253,26.7,78,5,2.68,US,1730321862
147,kerikeri,-35.2268,173.9474,17.73,72,14,2.68,NZ,1730321863
148,mossel bay,-34.1831,22.146,13.96,81,0,2.56,ZA,1730321864
149,mikhaylovsk,45.1283,42.0256,7.12,93,0,2.0,RU,1730321830
150,uyar,55.81,94.3153,-0.24,71,100,4.75,RU,1730321866
151,myski,53.709,87.8014,0.78,94,100,5.19,RU,1730321868
152,ambon,-3.6954,128.1814,27.77,95,19,1.18,ID,1730321869
153,villa rica,33.7321,-84.9191,24.65,74,100,3.57,US,1730321871
154,ha'il,27.5219,41.6907,20.01,60,0,2.06,SA,1730321872
155,tocopilla,-22.092,-70.1979,20.01,69,15,4.77,CL,1730321709
156,dali,25.7,100.1833,13.13,91,26,1.68,CN,1730321874
157,vila franca do campo,37.7167,-25.4333,19.23,99,20,2.85,PT,1730321875
158,ribeira grande,38.5167,-28.7,20.43,88,40,7.2,PT,1730321876
159,keflavik,64.0049,-22.5624,3.24,93,75,4.12,IS,1730321877
160,fale old settlement,-9.3852,-171.2468,28.66,69,34,5.95,TK,1730321878
161,port elizabeth,-33.918,25.5701,15.17,94,0,3.6,ZA,1730321879
162,morehead city,34.7229,-76.726,25.57,70,0,1.34,US,1730321881
163,kisangani,0.5167,25.2,21.72,99,100,0.56,CD,1730321882
164,trogir,43.5125,16.2517,17.03,48,0,2.57,HR,1730321883
165,egilsstadir,65.2653,-14.3948,-0.05,74,0,2.57,IS,1730321884
166,ghat,24.9647,10.1728,24.15,26,6,1.72,LY,1730321885
167,hithadhoo,-0.6,73.0833,27.54,63,100,1.39,MV,1730321886
168,smithers,54.7804,-127.1743,4.18,93,75,1.54,CA,1730321887
169,ngereklmadel,7.4883,134.4856,27.75,77,30,3.55,PW,1730321888
170,bengbu,32.9408,117.3608,12.49,89,0,3.65,CN,1730321889
171,kavieng,-2.5744,150.7967,28.08,75,80,1.57,PG,1730321890
172,crane,31.3974,-102.3501,30.28,17,2,9.28,US,1730321893
173,cassilandia,-19.1133,-51.7342,31.01,37,10,2.57,BR,1730321894
174,tolanaro,-25.0319,46.9987,25.04,83,75,9.26,MG,1730321895
175,cromer,52.9312,1.2989,10.94,93,70,2.68,GB,1730321896
176,clemencia,10.5665,-75.325,31.65,84,100,4.79,CO,1730321897
177,flying fish cove,-10.4217,105.6791,24.82,94,100,3.6,CX,1730321898
178,itoman,26.1247,127.6694,28.21,89,75,8.23,JP,1730321899
179,arkhangel'sk,64.5401,40.5433,1.06,100,100,0.0,RU,1730321900
180,nadym,65.5333,72.5167,-4.55,93,100,4.49,RU,1730321901
181,lincoln,40.8,-96.667,10.16,95,100,2.68,US,1730321902
182,paita,-5.0892,-81.1144,19.5,75,15,7.1,PE,1730321903
183,arraial do cabo,-22.9661,-42.0278,23.98,73,0,4.12,BR,1730321732
184,sept-iles,50.2001,-66.3821,4.47,96,100,3.6,CA,1730321905
185,callao,-12.0667,-77.15,22.07,72,100,5.66,PE,1730321907
186,hilo,19.7297,-155.09,26.16,89,69,0.89,US,1730321908
187,anaconda,46.1285,-112.9423,6.5,24,0,3.63,US,1730321909
188,mirny,62.5353,113.9611,-23.21,100,80,0.51,RU,1730321910
189,olyokminsk,60.3736,120.4264,-11.8,96,100,0.98,RU,1730321911
190,afaahiti,-17.75,-149.2833,22.88,71,94,6.75,PF,1730321912
191,gering,41.8258,-103.6605,6.07,75,100,1.34,US,1730321913
192,wajir,1.7471,40.0573,28.81,45,29,8.47,KE,1730321914
193,mosjoen,65.836,13.1908,2.29,87,75,1.03,NO,1730321915
194,jianshui,23.6363,102.8264,15.73,93,22,1.13,CN,1730321916
195,prado,-17.3411,-39.2208,21.72,95,100,2.09,BR,1730321917
196,happy valley-goose bay,53.3168,-60.3315,3.17,65,75,3.09,CA,1730321918
197,maracana,-0.7667,-47.45,26.49,73,84,1.94,BR,1730321743
198,melfort,52.8667,-104.6177,5.07,60,53,4.63,CA,1730321921
199,laguna,38.421,-121.4238,20.59,39,0,5.14,US,1730321922
200,taguatinga,-12.3857,-46.5711,29.12,47,94,3.67,BR,1730321923
201,lenti,46.624,16.5386,12.43,83,10,0.71,HU,1730321924
202,wanning,18.8003,110.3967,23.29,92,50,2.58,CN,1730321925
203,mahina,-17.5065,-149.489,27.87,57,20,2.57,PF,1730321926
204,awjilah,29.1081,21.2869,19.12,70,0,4.74,LY,1730321927
205,nova sintra,14.8667,-24.7167,25.72,75,100,6.05,CV,1730321928
206,guiuan,11.0333,125.7247,28.51,81,100,5.99,PH,1730321929
207,karatuzskoye,53.6072,92.8667,1.32,70,100,3.04,RU,1730321930
208,walvis bay,-22.9575,14.5053,14.53,88,69,3.6,NA,1730321931
209,bengkulu,-3.8004,102.2655,24.58,90,96,1.31,ID,1730321933
210,taroudant,30.4703,-8.877,17.17,72,0,3.38,MA,1730321714
211,torghay,49.6339,63.4981,2.87,62,100,2.53,KZ,1730321935
212,nuuk,64.1835,-51.7216,-5.07,45,13,4.22,GL,1730321936
213,boden,65.8252,21.6886,0.26,63,34,1.81,SE,1730321937
214,olinda,-8.0089,-34.8553,26.85,69,20,4.12,BR,1730321938
215,tazovsky,67.4667,78.7,-2.84,92,100,4.79,RU,1730321939
216,sechura,-5.5569,-80.8222,22.88,60,15,6.56,PE,1730321940
217,ancud,-41.8697,-73.8203,13.21,78,51,3.64,CL,1730321941
218,whitehorse,60.7161,-135.0538,-2.77,85,75,3.6,CA,1730321942
219,aroma,15.8167,36.1333,30.71,42,85,1.37,SD,1730321943
220,cockburn town,21.4612,-71.1419,26.98,75,38,10.52,TC,1730321944
221,uturoa,-16.7333,-151.4333,25.4,67,11,5.86,PF,1730321945
222,leava,-14.3,-178.1667,27.1,79,17,3.9,WF,1730321947
223,beira,-19.8436,34.8389,27.05,69,100,3.6,MZ,1730321948
224,ust-nera,64.5667,143.2,-22.63,99,100,2.11,RU,1730321949
225,saipan,15.1355,145.701,28.39,74,40,7.2,MP,1730321950
226,ponta delgada,37.7333,-25.6667,19.4,82,40,3.09,PT,1730321952
227,cauquenes,-35.9671,-72.3225,23.22,38,100,3.84,CL,1730321953
228,enewetak,11.3474,162.3373,28.57,77,80,6.91,MH,1730321954
229,horsham,51.064,-0.3272,12.71,84,75,1.54,GB,1730321425
230,shirvan,39.9509,48.8994,15.18,77,100,0.98,AZ,1730321956
231,tsiombe,-25.3,45.4833,24.84,76,100,1.09,MG,1730321957
232,hirara,24.8,125.2833,28.15,94,100,10.8,JP,1730321960
233,luderitz,-26.6481,15.1594,18.27,64,0,5.05,NA,1730321961
234,coquimbo,-29.9533,-71.3436,16.85,72,75,4.63,CL,1730321962
235,campo grande,-20.4428,-54.6464,30.75,51,75,5.14,BR,1730321826
236,axim,4.8699,-2.2405,25.51,88,39,2.35,GH,1730321965
237,cannonvale,-20.2833,148.7,22.66,67,1,1.74,AU,1730321966
238,bonthe,7.5264,-12.505,26.25,84,64,1.8,SL,1730321967
239,el coacoyul,17.6167,-101.4333,30.18,69,46,2.27,MX,1730321968
240,cidreira,-30.1811,-50.2056,20.91,87,13,8.49,BR,1730321969
241,lander,42.833,-108.7307,1.66,80,75,2.06,US,1730321970
242,shimoda,34.6667,138.95,15.95,72,98,5.4,JP,1730321972
243,thompson,55.7435,-97.8558,-0.91,47,20,6.69,CA,1730321825
244,bismil,37.8486,40.6658,16.1,26,100,0.37,TR,1730321974
245,port-vila,-17.7338,168.3219,23.78,83,20,1.54,VU,1730321975
246,hasaki,35.7333,140.8333,17.41,59,40,5.79,JP,1730321918
247,valparaiso,-33.0393,-71.6273,18.33,76,40,5.66,CL,1730321977
248,swift current,50.2834,-107.8014,9.45,43,0,7.72,CA,1730321978
249,huarmey,-10.0681,-78.1522,20.58,71,24,4.37,PE,1730321979
250,sawai madhopur,25.9833,76.3667,24.53,37,4,2.34,IN,1730321980
251,springfield,37.2153,-93.2982,26.92,50,20,8.75,US,1730321685
252,le grau-du-roi,43.5388,4.1356,15.99,88,0,1.54,FR,1730321982
253,veraval,20.9,70.3667,27.55,63,0,2.24,IN,1730321983
254,svyetlahorsk,52.6329,29.7389,11.91,85,100,7.07,BY,1730321984
255,farafangana,-22.8167,47.8333,23.12,90,92,4.04,MG,1730321986
256,minas de marcona,-15.2119,-75.1103,17.48,59,5,7.18,PE,1730321696
257,antalaha,-14.9003,50.2788,21.56,89,15,1.96,MG,1730321988
258,cestos city,5.46,-9.5828,25.71,89,75,3.81,LR,1730321989
259,amuntai,-2.4177,115.2494,24.07,95,100,0.71,ID,1730321990
260,brisas de zicatela,15.8369,-97.0419,29.6,66,34,2.68,MX,1730321991
261,kodinar,20.7903,70.7031,26.9,58,0,2.48,IN,1730321992
262,porto murtinho,-21.6989,-57.8825,35.06,29,99,1.72,BR,1730321993
263,bata,1.8639,9.7658,25.89,87,100,2.61,GQ,1730321994
264,bikenibeu village,1.3673,173.1241,28.98,74,20,1.03,KI,1730321995
265,petropavlovsk-kamchatsky,53.0452,158.6483,0.33,37,40,8.0,RU,1730321996
266,kudahuvadhoo,2.6708,72.8944,27.78,76,93,3.99,MV,1730321997
267,kone,-21.0595,164.8658,24.7,57,29,1.37,NC,1730321998
268,progreso,21.2833,-89.6667,28.95,71,93,4.7,MX,1730322000
269,cabo san lucas,22.8909,-109.9124,29.05,51,0,2.67,MX,1730322001
270,qinnan,33.2531,119.9133,13.16,88,0,2.76,CN,1730322002
271,hozat,39.1083,39.2213,8.52,31,100,1.6,TR,1730322004
272,labytnangi,66.6572,66.4183,-12.16,98,65,0.86,RU,1730322005
273,broome,42.2506,-75.833,23.14,71,100,4.26,US,1730322007
274,paramirim,-13.4425,-42.2389,28.47,41,79,2.52,BR,1730322008
275,vadso,70.0744,29.7487,0.09,80,0,6.17,NO,1730322009
276,ola,59.5833,151.2833,-7.7,61,100,7.47,RU,1730322011
277,rioja,-29.4111,-66.8507,35.45,24,0,8.73,AR,1730321922
278,chonchi,-42.6128,-73.8092,17.29,61,18,0.07,CL,1730321827
279,tandalti,13.0167,31.8667,29.53,19,9,5.24,SD,1730322014
280,mollendo,-17.0231,-72.0147,18.37,72,80,3.35,PE,1730322015
281,asmara,15.3333,38.9333,14.89,80,18,1.61,ER,1730322016
282,dzhetygara,52.1908,61.2006,0.15,94,86,0.55,KZ,1730322017
283,ailuk,10.2197,169.9797,28.4,77,28,6.51,MH,1730322018
284,naze,28.3667,129.4833,24.51,88,100,5.85,JP,1730322019
285,coihueco,-36.6167,-71.8333,20.41,64,40,1.54,CL,1730321815
286,bubaque,11.2833,-15.8333,28.63,77,67,5.06,GW,1730322021
287,hassi messaoud,31.6804,6.0729,26.92,29,40,2.06,DZ,1730322023
288,fria,10.4167,-13.5833,24.23,89,61,1.04,GN,1730322024
289,thinadhoo,0.5333,72.9333,27.46,69,100,2.35,MV,1730322025
290,verkhnevilyuysk,63.4453,120.3167,-25.09,100,97,0.35,RU,1730322026
291,wynyard,-41.0,145.7167,13.56,89,96,0.45,AU,1730322000
292,fisterra,42.9049,-9.2629,17.47,82,38,5.41,ES,1730322029
293,hobyo,5.3505,48.5268,26.5,84,2,4.64,SO,1730322030
294,riosucio,5.4216,-75.7032,17.6,98,100,0.65,CO,1730322031
295,shalkar,47.8288,59.6258,3.91,95,100,4.93,KZ,1730322032
296,inhambane,-23.865,35.3833,22.75,83,54,6.79,MZ,1730322034
297,cabedelo,-6.9811,-34.8339,27.37,74,64,3.92,BR,1730321780
298,lauro de freitas,-12.8944,-38.3272,27.01,69,20,6.17,BR,1730321974
299,bandarbeyla,9.4942,50.8122,25.55,70,3,4.93,SO,1730322038
300,khorixas,-20.3667,14.9667,18.22,42,0,1.48,NA,1730322039
301,sorong,-0.8833,131.25,27.15,86,19,3.39,ID,1730322040
302,yuzhno-kurilsk,44.0306,145.8556,8.07,85,100,2.1,RU,1730322041
303,puerto lempira,15.2667,-83.7667,28.08,82,98,2.54,HN,1730322043
304,kiama,-34.6833,150.8667,19.03,90,27,0.45,AU,1730322044
305,ljusdal,61.8288,16.0913,4.12,67,69,4.67,SE,1730322046
306,dapa,9.7594,126.0531,27.82,73,100,1.81,PH,1730322047
307,ta`u,-14.2336,-169.5144,27.07,79,100,5.27,AS,1730322048
308,idanre,7.1127,5.1159,22.97,94,49,1.32,NG,1730322049
309,saint-jean-de-luz,43.3891,-1.6581,15.95,100,20,1.03,FR,1730322050
310,bhabhua,25.05,83.6167,23.98,59,6,1.71,IN,1730322051
311,mil'kovo,55.6078,37.7956,8.08,49,100,8.43,RU,1730322052
312,badger,64.8,-147.5333,-10.11,90,32,1.38,US,1730322053
313,codrington,-38.2667,141.9667,12.65,77,53,3.95,AU,1730322054
314,palangkaraya,-2.2,113.8333,23.87,97,100,1.8,ID,1730322056
315,custoias,41.1053,-7.321,14.52,72,85,0.47,PT,1730322057
316,new norfolk,-42.7826,147.0587,10.51,96,98,0.5,AU,1730322059
317,phan rang-thap cham,11.5667,108.9833,23.55,83,33,1.37,VN,1730322060
318,island harbour,50.724,-1.2758,12.21,72,64,2.98,GB,1730322062
319,laharpur,27.7167,80.9,23.77,61,2,1.34,IN,1730322063
320,tromso,69.6496,18.957,1.01,75,75,6.17,NO,1730322065
321,richards bay,-28.783,32.0377,19.91,78,16,5.34,ZA,1730322066
322,kandahar,31.0,65.75,13.9,28,7,1.82,AF,1730322067
323,pitimbu,-7.4706,-34.8086,25.2,72,100,3.75,BR,1730322068
324,howard springs,-12.497,131.047,22.95,90,100,2.1,AU,1730322069
325,safford,32.834,-109.7076,21.51,17,0,5.66,US,1730322070
326,namibe,-15.1961,12.1522,18.46,79,18,4.26,AO,1730322071
327,oloron-sainte-marie,43.1944,-0.6107,14.76,93,100,1.39,FR,1730322073
328,zuni pueblo,35.0725,-108.8506,8.36,24,1,7.71,US,1730322074
329,arawa,-6.2132,155.5367,27.91,71,51,0.91,PG,1730322075
330,harper,4.375,-7.7169,24.96,90,87,2.76,LR,1730322077
331,vigan,17.5747,120.3869,28.85,79,100,7.98,PH,1730322078
332,chikwawa,-16.0335,34.8009,29.31,58,98,1.35,MW,1730322079
333,paros,37.0833,25.15,20.17,63,0,8.23,GR,1730321927
334,aykhal,66.0,111.5,-19.95,100,99,1.71,RU,1730322081
335,lata,40.1629,-8.3327,13.62,79,100,1.78,PT,1730322083
336,lubang,13.8584,120.124,27.24,88,100,9.53,PH,1730322084
337,sabzevar,36.2126,57.6819,12.4,27,34,2.93,IR,1730322085
338,akureyri,65.6835,-18.0878,2.96,81,75,5.14,IS,1730322086
339,masaya sur,16.497,121.7456,23.9,81,100,2.34,PH,1730322087
340,tsengel,49.4783,100.8894,-4.73,54,96,1.34,MN,1730322088
341,matoury,4.8483,-52.3317,29.98,70,0,4.12,GF,1730322089
342,usogorsk,63.4106,48.6872,1.13,76,100,6.55,RU,1730322090
343,burang,30.25,81.1667,0.27,62,0,1.51,CN,1730322092
344,tuy hoa,13.0833,109.3,24.23,85,38,4.88,VN,1730322093
345,kampong speu,11.5,104.3333,23.21,93,22,1.51,KH,1730322094
346,puerto leguizamo,-0.1934,-74.7819,31.75,48,35,1.39,CO,1730322095
347,sola,-13.8833,167.55,26.39,80,97,5.33,VU,1730322096
348,turbat,26.0023,63.044,26.83,32,0,1.45,PK,1730322097
349,punta arenas,-53.15,-70.9167,14.06,41,75,11.83,CL,1730321906
350,juankoski,63.0667,28.35,1.98,65,85,7.01,FI,1730322099
351,tanjung selor,2.8372,117.3642,23.26,99,100,0.3,ID,1730322100
352,salamanca,40.8333,-6.0,11.35,72,72,4.25,ES,1730322101
353,strugi-krasnyye,58.2675,29.1114,4.26,65,7,5.93,RU,1730322103
354,turtas,58.9417,69.1325,-2.08,87,25,2.17,RU,1730322104
355,kruisfontein,-34.0033,24.7314,12.58,90,0,2.1,ZA,1730322105
356,muroto-misakicho,33.2833,134.15,19.58,57,100,6.18,JP,1730322106
357,de queen,34.0379,-94.3413,27.63,61,88,4.92,US,1730322107
358,medzilaborce,49.2719,21.9007,11.2,84,100,0.63,SK,1730322108
359,kayangel,8.0823,134.7173,28.78,75,2,3.94,PW,1730322109
360,rongelap,11.1635,166.8941,28.53,79,99,6.79,MH,1730322110
361,sumbe,-11.2061,13.8437,24.54,81,94,3.2,AO,1730322111
362,motupe,-6.1519,-79.7142,25.24,46,11,5.65,PE,1730322112
363,northam,51.0333,-4.2167,12.01,87,85,2.19,GB,1730322113
364,fort st. john,56.2499,-120.8529,0.94,75,75,3.6,CA,1730322115
365,lenino,45.2986,35.7771,12.85,77,97,2.74,UA,1730322116
366,palmer,42.1584,-72.3287,21.97,52,100,2.41,US,1730322013
367,spring creek,40.7266,-115.5859,6.05,34,98,2.24,US,1730321966
368,twon-brass,4.3151,6.2418,26.9,83,71,3.59,NG,1730322119
369,bundaberg,-24.85,152.35,23.63,63,1,3.29,AU,1730322120
370,aguie,13.506,7.7786,27.52,15,48,3.9,NE,1730322121
371,esquina,-30.0144,-59.5272,30.47,34,0,4.13,AR,1730322104
372,aral,40.5156,81.2636,10.35,42,6,3.17,CN,1730322124
373,tobelo,1.7284,128.0095,27.29,81,85,0.69,ID,1730322125
374,vorgashor,67.5833,63.95,-4.55,96,75,2.69,RU,1730322127
375,barra de santo antonio,-9.4047,-35.5072,25.18,68,0,6.67,BR,1730322128
376,detroit lakes,46.8172,-95.8453,8.03,66,40,6.69,US,1730322058
377,tilisarao,-32.7329,-65.2911,31.28,25,0,9.01,AR,1730322130
378,sheringham,52.9408,1.2093,10.97,93,66,2.57,GB,1730322132
379,vila velha,-20.3297,-40.2925,23.3,91,100,4.63,BR,1730322133
380,soufriere,13.8562,-61.0566,29.81,91,20,7.72,LC,1730322134
381,mangai,-4.05,19.5333,22.76,98,100,0.2,CD,1730322135
382,berezovyy,51.6667,135.7,-3.58,90,4,1.24,RU,1730322137
383,mugia,43.1041,-9.2179,16.06,87,13,5.37,ES,1730322139
384,prince rupert,54.3161,-130.3201,9.83,81,100,11.83,CA,1730322140
385,mabaruma,8.2,-59.7833,27.37,75,52,2.3,GY,1730322141
386,krasnozerskoye,53.9828,79.2374,0.3,99,100,2.51,RU,1730322142
387,gaigeturi,33.4644,126.3183,19.03,72,75,6.17,KR,1730322143
388,nyagan,62.1406,65.3936,-1.88,90,84,2.74,RU,1730322144
389,east ballina,-28.8667,153.5833,20.06,87,4,3.2,AU,1730322147
390,port augusta,-32.5,137.7667,17.54,69,37,5.5,AU,1730322148
391,i-n-salah,27.1935,2.4607,28.97,16,99,3.39,DZ,1730322149
392,kencong,-8.2833,113.3667,24.76,88,75,0.6,ID,1730322153
393,sinabang,2.4803,96.3801,25.72,85,76,1.47,ID,1730322154
394,sari,36.5633,53.0601,8.77,93,0,2.06,IR,1730322155
395,riyadh,24.6877,46.7219,24.04,36,0,5.24,SA,1730322149
396,nuku'alofa,-21.1333,-175.2,25.19,88,75,5.14,TO,1730322132
397,neiafu,-18.65,-173.9833,27.38,78,75,4.63,TO,1730322158
398,massafra,40.5888,17.117,18.38,84,8,4.11,IT,1730322159
399,kristiansund,63.1115,7.732,6.36,75,75,9.26,NO,1730322161
400,mejit,10.2753,170.8646,28.18,76,63,5.32,MH,1730322162
401,tindivanam,12.25,79.65,25.15,88,26,0.45,IN,1730322163
402,whakatane,-37.9585,176.9854,17.51,74,15,0.89,NZ,1730322164
403,utuado,18.2655,-66.7004,24.89,98,100,0.89,PR,1730322165
404,lodwar,3.1191,35.5973,31.35,31,90,4.34,KE,1730322166
405,chulakkurgan,43.765,69.1814,6.43,55,12,2.62,KZ,1730322167
406,holualoa,19.6228,-155.9522,25.31,80,76,0.45,US,1730322168
407,thunder bay,48.4001,-89.3168,7.99,66,75,4.63,CA,1730322072
408,kulhudhuffushi,6.6221,73.07,27.64,74,100,1.63,MV,1730322170
409,grande prairie,55.1667,-118.8027,2.1,80,75,3.6,CA,1730322172
410,ottawa,45.4112,-75.6981,22.24,64,75,6.69,CA,1730321419
411,bure,10.7,37.0667,13.63,92,100,1.69,ET,1730322174
412,port lincoln,-34.7333,135.8667,14.45,79,19,4.68,AU,1730322175
413,acarau,-2.8856,-40.12,25.79,80,86,8.4,BR,1730322066
414,saint george's,12.0564,-61.7485,29.82,74,40,5.14,GD,1730322177
415,altdorf,49.3875,11.3572,10.18,93,21,1.03,DE,1730322179
416,chabahar,25.2919,60.643,27.3,66,0,3.25,IR,1730322180
417,rikaze,29.25,88.8833,4.89,64,0,1.49,CN,1730322181
418,port angeles,48.1181,-123.4307,10.34,77,100,3.09,US,1730322182
419,bhasawar,27.0333,77.0333,25.84,31,0,1.35,IN,1730322184
420,ixtapa,20.7,-105.2,31.24,51,0,3.6,MX,1730322185
421,ar ruways,24.1103,52.7306,27.0,62,0,3.22,AE,1730322186
422,mogi guacu,-22.3722,-46.9422,25.63,47,14,2.77,BR,1730322168
423,honnali,14.25,75.6667,22.29,88,100,1.03,IN,1730322188
424,nemuro,43.3236,145.575,9.38,76,100,5.42,JP,1730322189
425,taoudenni,22.6783,-3.9836,30.37,17,88,5.05,ML,1730322190
426,bacabal,-4.2917,-44.7917,32.54,45,100,4.37,BR,1730322191
427,revda,56.801,59.9303,-0.21,84,100,1.81,RU,1730322193
428,constantia,44.1833,28.65,9.38,59,81,1.86,RO,1730322194
429,indramayu,-6.3264,108.32,27.78,69,56,2.66,ID,1730322195
430,lerwick,60.1545,-1.1494,10.32,83,100,12.16,GB,1730322196
431,zalesovo,53.9939,84.7431,0.68,97,100,5.41,RU,1730322197
432,newton abbot,50.5286,-3.6119,13.31,88,100,2.77,GB,1730322199
433,qiqihar,47.3408,123.9672,3.75,66,21,3.49,CN,1730322200
434,rumonge,-3.9736,29.4386,24.15,76,82,1.76,BI,1730322202
435,repatriacion,-25.5333,-55.95,33.55,34,42,1.54,PY,1730322203
436,freetown,8.484,-13.2299,26.84,83,75,3.09,SL,1730322204
437,deqen,29.9618,90.7188,2.35,41,0,1.67,CN,1730322205
438,tashtagol,52.7657,87.8894,-0.04,90,100,2.87,RU,1730322206
439,colonia,50.9333,6.95,13.3,90,100,1.54,DE,1730321917
440,jabor,5.921,169.6434,28.36,71,34,2.07,MH,1730322208
441,guerrero negro,27.9769,-114.0611,20.93,50,0,3.97,MX,1730322209
442,dalhart,36.0595,-102.5133,18.01,15,0,11.32,US,1730322210
443,piendamo,2.6431,-76.9892,20.73,97,100,1.67,CO,1730322016
444,zvezdnyy,57.7325,56.3147,0.33,81,82,3.69,RU,1730322212
445,gorontalo,0.5412,123.0595,22.72,91,79,1.3,ID,1730322214
446,greymouth,-42.4667,171.2,12.62,88,100,2.1,NZ,1730322215
447,port douglas,-16.4833,145.4667,24.11,69,8,2.64,AU,1730322216
448,mutsu,41.2894,141.2169,10.54,75,10,4.3,JP,1730322217
449,san pedro piedra gorda,22.45,-102.35,23.87,17,0,5.79,MX,1730322218
450,nar'yan-mar,67.6713,53.087,-0.04,79,100,7.92,RU,1730322219
451,rundu,-17.9333,19.7667,20.87,16,0,1.97,NA,1730322220
452,kamikawa,43.84,142.7711,4.78,95,100,0.79,JP,1730322221
453,cascais,38.6979,-9.4215,17.51,75,93,4.71,PT,1730322222
454,kalach-na-donu,48.691,43.5264,6.07,72,69,2.89,RU,1730322224
455,saint-francois,46.4154,3.9054,11.47,94,0,1.03,FR,1730322225
456,molochnoye,59.2917,39.6787,3.83,87,100,5.44,RU,1730322226
457,hailar,49.2,119.7,3.33,71,78,1.59,CN,1730322227
458,bam,29.106,58.357,18.27,28,1,0.53,IR,1730322117
459,pacific grove,36.6177,-121.9166,18.69,75,0,3.6,US,1730322230
460,usinsk,65.9939,57.5281,0.85,84,100,9.38,RU,1730322231
461,suoyarvi,62.0833,32.35,1.18,96,100,6.26,RU,1730322232
462,nacala,-14.5428,40.6728,25.46,89,100,4.31,MZ,1730322233
463,huancavelica,-12.7667,-74.9833,9.58,58,99,3.64,PE,1730322120
464,ihtiman,42.4333,23.8167,7.87,68,4,1.93,BG,1730322235
465,antonio enes,-16.2325,39.9086,25.62,81,97,5.12,MZ,1730322236
466,ceeldheer,3.8488,47.1806,26.11,87,58,4.68,SO,1730322237
467,labrador city,52.9463,-66.9114,0.66,90,100,29.95,CA,1730322012
468,benguela,-12.5763,13.4055,24.05,75,95,1.04,AO,1730322240
469,baukau,51.5526,7.2042,13.05,96,79,1.28,DE,1730322241
470,suwayr,30.1171,40.3893,19.58,42,0,4.96,SA,1730322242
471,luau,-10.7073,22.2247,19.3,93,100,2.01,AO,1730322243
472,coron,11.9986,120.2043,25.81,92,100,4.13,PH,1730322244
473,thief river falls,48.1191,-96.1812,6.96,45,0,3.09,US,1730322245
474,caleta de carquin,-11.0925,-77.6267,19.87,72,32,4.54,PE,1730322246
475,padang,-0.9492,100.3543,24.03,89,95,2.19,ID,1730322247
476,la passe,45.5549,-0.8967,15.02,86,0,4.43,FR,1730322248
477,heihe,50.2441,127.4902,-4.68,78,95,1.52,CN,1730322249
478,kargil,34.5667,76.1,-0.95,73,18,2.52,IN,1730322250
479,marsabit,2.3284,37.9899,22.97,38,83,6.73,KE,1730322252
480,choibalsan,48.0667,114.5,2.4,74,91,2.87,MN,1730322253
481,coari,-4.085,-63.1414,32.65,45,78,2.35,BR,1730322254
482,rabo de peixe,37.8,-25.5833,18.73,99,40,3.09,PT,1730322255
483,mokhsogollokh,61.4681,128.9203,-22.02,98,83,0.99,RU,1730322256
484,rain,48.6833,10.9,10.84,85,46,1.04,DE,1730322257
485,kitimat,54.0524,-128.6534,6.06,28,100,0.93,CA,1730322258
486,qarqaraly,49.4058,75.4742,-0.31,79,93,3.97,KZ,1730322259
487,kapit,2.0167,112.9333,23.27,99,100,0.21,MY,1730322261
488,baardheere,2.3446,42.2764,26.65,66,73,6.58,SO,1730322262
489,kouango,4.9934,19.9619,22.97,93,44,0.75,CF,1730322263
490,soio,-6.1349,12.3689,24.87,78,20,3.72,AO,1730322264
491,mezhdurechensk,53.6942,88.0603,0.99,92,100,5.07,RU,1730322265
492,sharm el-sheikh,27.8518,34.305,24.08,57,0,1.54,EG,1730322054
493,kyshtovka,56.555,76.6271,-1.47,91,96,2.34,RU,1730322267
494,alaca,40.1683,34.8425,7.41,91,7,2.17,TR,1730322268
495,owosso,42.9978,-84.1766,25.01,50,0,7.2,US,1730322127
496,tshikapa,-6.4167,20.8,22.53,96,99,1.13,CD,1730322246
497,sinjai,-5.1241,120.253,24.79,81,75,1.5,ID,1730322272
498,salvador,13.8333,-88.9167,30.02,75,100,0.29,SV,1730322273
499,fort bragg,35.139,-79.006,26.91,56,20,2.57,US,1730322274
500,porto da folha,-9.9172,-37.2783,26.67,56,0,8.68,BR,1730322104
501,trondheim,63.4305,10.3951,4.03,93,100,0.45,NO,1730322274
502,kingston,17.997,-76.7936,28.53,84,75,4.12,JM,1730322278
503,queenstown,-31.8976,26.8753,9.12,82,0,1.42,ZA,1730322101
504,qalat,32.1058,66.9083,11.04,28,33,0.81,AF,1730322281
505,lingcheng,22.7072,110.3492,18.91,70,23,2.53,CN,1730322282
506,kangding,30.0513,101.9603,8.35,88,42,0.32,CN,1730322283
507,peace river,56.2501,-117.286,1.17,69,75,6.17,CA,1730322008
508,kattivakkam,13.2167,80.3167,28.05,99,0,2.47,IN,1730322285
509,bardai,11.65,7.2333,22.76,27,96,3.17,NG,1730322286
510,griffith,41.5284,-87.4237,26.92,48,0,9.77,US,1730322287
511,ambovombe,-25.1667,46.0833,24.14,77,100,2.17,MG,1730322288
512,letterkenny,54.95,-7.7333,12.43,91,100,2.3,IE,1730322289
513,zeya,53.75,127.2667,-7.2,94,22,1.23,RU,1730322290
514,robore,-18.3333,-59.75,35.05,49,20,2.06,BO,1730322194
515,linxia chengguanzhen,35.6003,103.2064,4.48,91,100,0.92,CN,1730322293
516,punta del este,-34.9667,-54.95,28.06,91,20,5.36,UY,1730322294
517,grand falls-windsor,48.9332,-55.6649,3.06,75,46,2.15,CA,1730322295
518,alaghsas,17.0187,8.0168,26.3,12,100,5.22,NE,1730322296
519,grand baie,-20.0182,57.5802,20.81,78,94,0.89,MU,1730322297
520,murzuq,25.9155,13.9184,21.73,35,38,2.92,LY,1730322298
521,arauca,7.0847,-70.7591,32.98,66,40,1.03,CO,1730322299
522,sinop,41.7711,34.8709,8.45,90,32,0.73,TR,1730322300
523,san marcos de colon,13.4333,-86.8,23.14,80,97,1.59,HN,1730322301
524,sandnessjoen,66.0217,12.6316,5.06,56,75,4.12,NO,1730322193
525,homer,59.6425,-151.5483,2.67,58,0,4.02,US,1730322305
526,kyzyl-mazhalyk,51.1333,90.6,-3.82,46,8,1.02,RU,1730322306
527,el granada,37.5027,-122.4694,17.85,67,40,2.57,US,1730322307
528,morondava,-20.2833,44.2833,26.75,79,93,1.45,MG,1730322308
529,escanaba,45.7453,-87.0646,12.98,94,100,5.66,US,1730322309
530,nikolayevsk-on-amure,53.1406,140.73,-3.43,78,72,3.26,RU,1730322310
531,buka,40.8108,69.1986,9.65,61,0,1.72,UZ,1730322311
532,onguday,50.75,86.15,-2.28,66,89,0.34,RU,1730322312
533,tiruttangal,9.4833,77.8333,26.68,82,45,0.85,IN,1730322313
534,sadjoavato,-12.6334,49.349,22.26,83,58,4.82,MG,1730322314
535,mazyr,52.0495,29.2456,11.86,84,100,6.89,BY,1730322316
536,howrah,22.5892,88.3103,28.0,89,40,2.06,IN,1730322317
537,sandakan,5.8402,118.1179,25.82,100,20,1.54,MY,1730322318
538,grand gaube,-20.0064,57.6608,20.77,78,88,0.89,MU,1730322319
539,essaouira,31.5125,-9.77,18.72,77,20,2.57,MA,1730322320
540,arvayheer,46.2639,102.775,-3.28,51,21,1.2,MN,1730322321
541,alotau,-10.3069,150.4462,24.5,93,100,1.97,PG,1730322322
542,shevchenko,48.5,35.0,10.33,46,100,3.3,UA,1730322323
543,panyutyne,48.9333,36.2833,6.93,48,73,3.53,UA,1730322324
544,tangalle,6.024,80.7911,25.31,87,88,2.76,LK,1730322325
545,darwin,-12.4611,130.8418,22.99,88,100,7.72,AU,1730322275
546,hohhot,40.8106,111.6522,8.16,100,40,2.0,CN,1730322328
547,russellville,35.2784,-93.1338,27.77,66,100,0.89,US,1730322302
548,igarka,67.4667,86.5833,-16.57,99,100,1.55,RU,1730322330
549,ormara,25.2088,64.6357,26.95,75,0,3.74,PK,1730322331
550,kalevala,65.2,31.1667,-0.02,77,99,6.42,RU,1730322332
551,miquelon,47.0975,-56.3814,4.35,60,49,2.28,PM,1730322333
552,prieska,-29.6641,22.7474,17.86,23,0,3.25,ZA,1730322334
553,trairi,-3.2778,-39.2689,25.4,79,18,5.35,BR,1730322313
554,chesma,53.8111,60.6533,-0.19,97,100,2.48,RU,1730322336
555,male,4.1748,73.5089,28.97,79,40,2.57,MV,1730322338
556,mili,6.0815,171.735,28.1,72,27,1.11,MH,1730322339
557,san matias,-16.3667,-58.4,33.01,49,57,1.05,BO,1730322341
558,belyy yar,53.6039,91.3903,0.94,75,0,6.0,RU,1730322342
559,kita,13.0349,-9.4895,26.62,42,68,1.45,ML,1730322343
560,ciudad bolivar,8.1222,-63.5497,34.27,39,99,2.71,VE,1730322074
561,daru,-9.0763,143.2092,26.33,86,100,7.18,PG,1730322345
562,kailua-kona,19.6406,-155.9956,27.98,80,40,5.14,US,1730322249
563,kure,34.2333,132.5667,15.8,74,100,5.19,JP,1730322347
564,ongjin,37.9347,125.3619,13.36,65,100,1.23,KP,1730322348
565,pierre,44.3683,-100.351,11.51,54,100,6.69,US,1730322349
566,anton lizardo,19.05,-95.9833,30.68,75,7,2.82,MX,1730322350
567,mu'minobod,38.1085,70.0285,8.35,48,7,2.13,TJ,1730322352
568,manaure,11.7751,-72.4445,32.3,58,100,2.97,CO,1730322353
